Subreddit,Caption
onoff,I have a lot hiding under this cute little sundress
onoff,Wearing this to a wedding this weekend and wearing nothing under it looks better ğŸ™ˆ
onoff,Im not too ashamed of showing my milf tits
onoff,I think I have the best boobs at the office.
onoff,Bet you won't mind me to dress like this if we were roommatesğŸ¤­
onoff,What I look like under my tight office dress..
onoff,Showing you what the guys at the gym don't get to see
onoff,"â€¦and just like that, Iâ€™m naked! ğŸ˜Š"
onoff,Hopefully you guys agree I look better without the lingerie :) x
onoff,The best way to wear a dress is with nothing under
onoff,Just a Asian born in 2005 getting out of my clothes
onoff,Opening up your Christmas present
onoff,Come over and the panties go nextâ€¦ ğŸ‘€
onoff,The dads have no idea how sweet my rack really is ğŸ˜
onoff,I love this outfit but I love being naked even more
onoff,I love my pink top but I think that I look even better without it
onoff,Spending days in gym to become your boner materialğŸ¥µ
onoff,What the dads at school see vs yall ğŸ˜ˆ
onoff,Doing my best to become your boner materialğŸ˜‹
onoff,I have pretty perfect boobs.
onoff,"It's risky to fuck at work, I'll make it worth it though"
onoff,Off is always the correct answer
onoff,Pic #1 is hot but we all know pic #2 is better ğŸ˜
onoff,This outfit might be a bit indecent for clubbing
onoff,Life is always better when the tits come out..
onoff,Let's get the fireplace going so I don't need to wear any clothes
onoff,Off is always the correct answer
onoff,Wearing pretty matching lingerie to work makes me happy
onoff,The definition of â€œdonâ€™t tempt me with a good timeâ€
onoff,"I love this red lingerie, but I love being naked even more"
homemadensfw,"100% real. my bff and I decided it would be fun to swap husbands for a weekend a few months ago and this is how my husband and my bff spent their weekend.. he ""accidentally"" came inside.. although its so hot watching these vids I get jealous when he still"
homemadensfw,100% real PART 3: my bff and I decided it would be fun to swap husbands for a weekend a few months ago and this is a little sneak peak on how her husband and myself spent OUR weekendğŸ˜ˆ
homemadensfw,"tits were already hanging out, ready for your cum"
homemadensfw,how fuckable do i look?
homemadensfw,(FINAL PART) 100% real PART 4: my bff and I decided it might be fun to swap husbands for a weekend a few months ago and this is a little sneak peak on how the weekend wentğŸ˜ˆ
homemadensfw,"Say ""Yes"" if you would allow me to squirt on your dick"
homemadensfw,Cum was already dripping out but that didn't stop him
homemadensfw,I slipped his cock in my asshole after he filled my pussy with cum
homemadensfw,I made him take the condom off and cum inside me
homemadensfw,Sending the full verion of this clip to every upvoter (legit)
homemadensfw,Are you ghosting me if I did this on our first date
homemadensfw,Holding my buttcheeks so I can feel your cock real deep inside my ass
homemadensfw,What are you doing if I showed you this on the first date?
homemadensfw,These pretty titties would look better covered in cum
homemadensfw,You donâ€™t mind anal do you?
homemadensfw,"If you'd accept my nudes with no doubts, drop a â¤ï¸"
homemadensfw,am I wife material or fuckbuddy?
homemadensfw,Sliding my husbands cock into our girlfriend
homemadensfw,Let your dirty thoughts run wild all over this milf teacher
homemadensfw,A truly well deserved Christmas fuck
homemadensfw,I dont know what you'd do if you see this
homemadensfw,My ass is the perfect place for your cum
homemadensfw,"Squeezing and playing with my tits, just like I want your friends to do while you watch."
homemadensfw,"Tiny and naughty, perfect to play with"
homemadensfw,is this too revealing for a first date?
homemadensfw,My titties are perfect for licking and receiving cum
homemadensfw,will you suck or lick my texan titties first?
homemadensfw,He was watching the game so I gave him a blowjob during a commercial break!
homemadensfw,Guys take advantage of the fact i love sucking dick but i dont care
homemadensfw,am i thick enough for you?
stripgirls,Extra airbags ready for the roadtrip
stripgirls,You'll have to fuck me when you see me take this dress off..
stripgirls,Iâ€™m a minion!
stripgirls,I love going to the office with no underwear on..
stripgirls,Zipper is a trooper
stripgirls,I have pretty nice boobies.
stripgirls,POV: I catch you peeking through the locker rooms door after PE and I want to give you a little show.. would you run away or cum inside?
stripgirls,Scissor strip
stripgirls,lil reveal <3 you could probably fit my whole titty in your mouth
stripgirls,Huge natural tits and a tiny waist
stripgirls,Most people are surprised when they get to see my boobs
stripgirls,I wanna know if you find me fuckable
stripgirls,"I'm a good girl sharing my joy everywhere, I am sure Santa will cum twice"
stripgirls,massive tits means massive drop
stripgirls,POV: I'm your daughters best friend and we just cum from the gym... would you take my virginity if she is gone showering?
stripgirls,Leave a â¤ï¸ and you'll receive something boner worthy
stripgirls,Ever had a latina strip for you?
stripgirls,Would you try to look under my skirt if you'd walk behind me on the college staircase..?
stripgirls,POV: I'm your daughters best friend and we just cum from the gym... would you risk taking my virginity if she is gone showering?
stripgirls,I like it when you stare at me
stripgirls,WANTED - man who would eat my pussy like itâ€™s their last supper
stripgirls,I got invited to a pyjama party by some college girls and got me this pyjama shorts... ever imagined what college girls do at a sleepover?
stripgirls,Could you resist if I were in front of you doing that?
stripgirls,Not perfect but 100% natural ğŸ˜‡
stripgirls,My ass won't stop getting thicker
stripgirls,"Boobs small, butt kinda big?"
stripgirls,I think that there should be no underwear under such a dress
stripgirls,In pink
stripgirls,Booty Shaking my Way Out of this Outfit!
stripgirls,Would you give me a better grade if I strip down for you...?
borntobefucked,28 yo with huge titts and fit ass BTBF
borntobefucked,My mom caught me filming a naughty video for you guys and she was not happy... BTBF
borntobefucked,My pussy deserve to be creampied every day BTBF
borntobefucked,POV: I'm your new roomate and you catch me in the shower... wanna join? BTBF
borntobefucked,4â€™11 nympho reporting for duty ğŸ«¡ BTBF
borntobefucked,Everybody was staring at me when I wore this top at a wedding BTBF
borntobefucked,tell me yes if you want to be that chair right now BTBF
borntobefucked,Can you tell that I like it from behind? BTBF
borntobefucked,Say yes if youâ€™re over 18 and Iâ€™ll send you a special surprise ;) BTBF
borntobefucked,Any chances you'd suck mu titties on a first date? [BTBF]
borntobefucked,My professor wants to give me an F but I can't fail at this class... what should I do BTBF
borntobefucked,I'm always in the mood for some big cock [BTBF]
borntobefucked,My mom told me I look cute in this outfit but the guys at college dont.. what do you think?! [btbf]
borntobefucked,I know I look stupid but I don't care ^^ BTBF
borntobefucked,Is it a problem that an 18yo likes walking around the house like this? BTBF
borntobefucked,Shes really small and tiny BTBF
borntobefucked,"You can fuck me, but only after you eat my ass! ğŸ˜‹ [BTBF]"
borntobefucked,I'm always ready for a good time [BTBF]
borntobefucked,Any chances you'd suck mu titties on a first date? [BTBF]
borntobefucked,This young blonde college student would be the best fuck of your life [BTBF]
borntobefucked,The perfect young body for fucking [BTBF]
borntobefucked,You should eat my ass while i roll up ;) [BTBF]
borntobefucked,"When you can't choose hole, use them both! BTBF"
borntobefucked,The next move is to get on all fours and I'm all yours from then on [BTBF]
borntobefucked,Guess what's for dinner tonight BTBF
borntobefucked,My classmates don't know that their so big BTBF
borntobefucked,I wanna be your new weekend addiction :P BTBF
borntobefucked,I need rough sex after a stressful day.. wanna join? BTBF
borntobefucked,Would you help me stretching out my litte body at yoga? BTBF
borntobefucked,There's nothing this pretty blonde likes more than fucking [BTBF]
adorableporn,I want my pussy to be the first one you enter this year ğŸ˜Š
adorableporn,I think this tight pussy is ready to drain your balls
adorableporn,"The soft carpet tingles my pussy, so my nipples got very hard"
adorableporn,I honestly get so turned on flashing my body on here
adorableporn,I'm horny so I'm gonna spend my weekend naked
adorableporn,Let me know which pussy catches your eye first ğŸ˜‰
adorableporn,"Sorry, it's kinda pink because i've been playing with it all day ğŸ˜…"
adorableporn,Any chance you'd eat me on the 1st date ğŸ¤­
adorableporn,My boobs got bigger and this makes me very happy
adorableporn,I'm always eager to ride a nice dick
adorableporn,Fuck me so hard the condom breaks ğŸ™ˆ
adorableporn,Who asked Santa for the 2 busty Australians ğŸ™ˆ
adorableporn,"Oh I wish I could be your boner material, working out hard at the gym for itğŸ˜‹"
adorableporn,My body is ready to be filled both from the front and from the back
adorableporn,I think your tongue needs my naked body
adorableporn,Letâ€™s make this a fun year togetherğŸ˜˜
adorableporn,My nipples are always hard because I'm always horny
adorableporn,Body that was made to be your boner materialğŸ˜‹
adorableporn,Haha made ya look! ğŸ˜œ
adorableporn,I'm horny so I'm gonna spend my weekend naked
adorableporn,Two reasons to fuck me on a first date
adorableporn,"just one rule, tongue first, cock after"
adorableporn,Any chance you'd fuck me on a first date
adorableporn,Any chance youâ€™d eat me on our first date
adorableporn,Any chance youâ€™d eat me on our first date
adorableporn,My body loves to be filled both from the front and from the back
adorableporn,What's the first word that comes to mind when you see meğŸ˜Š
adorableporn,My boobs are extra perky and jiggly this morning
adorableporn,I hope that I can make you hard this morning
adorableporn,Eat my heart out
hugeboobs,This one is for that guy at the grocery store who was staring at my tits ğŸ˜‰
hugeboobs,"[F] 40 something, itâ€™s the end of the year.. time to focus on the important things ğŸ‘‹ğŸ½"
hugeboobs,my 32L bras are getting too tight :(
hugeboobs,My two main reasons for posting in this subâ€¦
hugeboobs,"Huge, is what they are! ğŸ˜‰"
hugeboobs,I need a huge cock to milk beetwen my boobs
hugeboobs,Huge natural boobs in your face (OC)
hugeboobs,That recoil tho. ğŸ˜‰
hugeboobs,They need to be glazed! Up for the challenge... ğŸ˜
hugeboobs,"[F] 40 something, just your average friendly neighborhood Milfie ğŸ˜œ"
hugeboobs,Something tells me Iâ€™m wearing this shirt wrong
hugeboobs,Huge black hangers
hugeboobs,These need a dam good sucking lol
hugeboobs,Morning milkers drop
hugeboobs,"[F] 40 something, close your eyes and open your mouth I have 2 big surprises for you ğŸ˜œ"
hugeboobs,truly hugeeeee
hugeboobs,"First thing you'd do if I let them hang in your face, go! (OC)"
hugeboobs,donâ€™t even need to touch the zipper
hugeboobs,today's work titties
hugeboobs,Wishing you a happy nude year
hugeboobs,You wake up to this...
hugeboobs,Ready to be played with ğŸ˜ˆ
hugeboobs,Mom's large hanging boobs
hugeboobs,They canâ€™t be contained lol
hugeboobs,Huge black boobs
hugeboobs,I just love posting them
hugeboobs,Flashing my F cups next to an open window on a busy street
hugeboobs,My all natural F mom boobs
hugeboobs,I took this for someone but he deleted his account so
hugeboobs,let me suffocate you with them
mommymilkersnsfw,I feel pretty and witty and bright
mommymilkersnsfw,Let me wash your back with my milkers
mommymilkersnsfw,Call me santa iâ€™ll put a present under ya tree ;)
mommymilkersnsfw,"I'm not perfect but I'm all natural. That counts for something, right?"
mommymilkersnsfw,Big nurse titties
mommymilkersnsfw,I clean up your place.. after you cum all over me
mommymilkersnsfw,are you okay with a much older woman??(41)
mommymilkersnsfw,other guests are spying on me while I shower outside
mommymilkersnsfw,I love sending you nudes when you're busy
mommymilkersnsfw,"Mommy is making you a milk shake, thirsty?"
mommymilkersnsfw,Mommy is ready for a sucking
mommymilkersnsfw,Thereâ€™s no milk but you can still suck them ğŸ¤·ğŸ»â€â™€ï¸
mommymilkersnsfw,are my saggy EE's attractive to you ?
mommymilkersnsfw,My milkers need a sucking
mommymilkersnsfw,I walk around the house topless often
mommymilkersnsfw,"I will feed u with these every single day, are u in?"
mommymilkersnsfw,Missing the days when I could wear bikinis and just pull my tits out
mommymilkersnsfw,10/10 worth the back pain!
mommymilkersnsfw,Theyâ€™re ready to burst into your mouth ğŸ¥µğŸ˜˜
mommymilkersnsfw,The sight of your dick always gets them excited
mommymilkersnsfw,"you have no choice, im your goth mommy now"
mommymilkersnsfw,Most guys donâ€™t care about my personality so I just give them what they want
mommymilkersnsfw,"Oops, my tits fell out, but since they're right in front of you..."
mommymilkersnsfw,"Mommy's having a good boob day, here's the proof"
mommymilkersnsfw,Got a bit tired of house cleaning
mommymilkersnsfw,"At 40, am I too old to send you vids like this?"
mommymilkersnsfw,"I'm not perfect but I'm all natural. That counts for something, right?"
mommymilkersnsfw,Can I get on top of you?
mommymilkersnsfw,My nipples can't be stopped
mommymilkersnsfw,I want more than just breastfeeding my son
boobs,Not sure if i'm wearing this dress right
boobs,Here are my boobs. Le me know if I'm doing well ğŸ˜Š
boobs,"I have some really great boobs, it's only fair I show them off!"
boobs,These titties are pretty hard to beat...
boobs,Are my natural tits better than fakes?ğŸ©·
boobs,First time posting here. Give me your thought ğŸ’•
boobs,Suck my boobs and I will suck your dick. 40(f)
boobs,Do any of your co-workers have tits this good?
boobs,Date night will end with these perfect tits in your face.
boobs,do you like my 22 year old tits? let me know ğŸ¤—
boobs,hope my boobas can make you horny
boobs,The perfect bouncy titties..
boobs,just got the courage today to share my boobs here
boobs,pinky swear you won't tell anyone I drop my nurse tits at work
boobs,Do guys still appreciate small titties? ;)
boobs,Boobs Produced in 2005
boobs,looking to start the new year with a bang
boobs,"I'm single with nobody to send boobies pics too, any takers"
boobs,Boobs don't get much better than these..
boobs,"Best of British, bouncy boobs."
boobs,should i get these titties pierced?
boobs,My perfect boobs have the perfect bounce!
boobs,Really hope you like real MILF tits
boobs,47yo hoping Iâ€™ve still got â€˜itâ€™
boobs,Do you think my tits are the perfect pair for a guy like you?
boobs,Are you here to suck on these juicy nipples?
boobs,I need a man's opinion on whether I should get my nipples pierced or leave it natural
boobs,I love how hard my nipples get all winter long ğŸ™ˆ
boobs,Is this angle hot?
boobs,id say theyre fantastic
boobs,I just can't help taking them out
boobs,Hope you like having them bounce in your face
boobs,First date tittyfck me Y or N
boobs,im always on the naughty list and i regret nothing
boobs,Just showing you my boobs before going to classes
boobs,Really hope you like MILF tits
boobs,Im offering you a deal: You suck my boobs I suck your cock
boobs,Which boobs are more attractive?
boobs,iâ€™m only 20 with a huge all natural rack
boobs,These boobs are already 19 years old and I'm still waiting for that growth spurt
boobs,My soft boobs look like they are ready to hug your cock
boobs,Your new lifeguard here to save lives
boobs,I think my titties are too big sometimes
boobs,Squeeze and suck them before I cover them
boobs,I can't stop showing off my perfect boobs!
boobs,Say â€šyesâ€™ and Iâ€™ll send you my best nude
boobs,"British, blonde and perfect titties!"
boobs,your Thoughts about my tits size?
boobs,I finally found the confidence to post my boobs here today
boobs,Should I consider piercing them?
boobs,My nipples would look better if your cum was on them
boobs,Honk them if youâ€™re horny
boobs,"Almost had the ideal set of tits, right?"
boobs,I love watching my big 19 y/o tits bounce ;)
boobs,"you're here for titties, not titles right..."
boobs,This milf is ready to drain your balls
boobs,Are my tits perky enough for their size? Someone told me they are saggy!
boobs,My milf boobs are looking nice today
boobs,My new yearâ€™s resolution is to show my tits more!
boobs,Could you ever get bored of these perfect natural titties?
naturaltitties,Tits so bouncy that can make you bust in a second
naturaltitties,"Suck on my natural nips and I'll suck on your cock, deal?"
naturaltitties,"If you're older than 20, give me 3 emojis to best describe my titties"
naturaltitties,"Say ""yes"" if you'd accept my daily nudes"
naturaltitties,You donâ€™t see such tits everyday
naturaltitties,Say something nice to get a even better show
naturaltitties,my delicious melons;)
naturaltitties,I wish you a year full of titties!
naturaltitties,you said that you were going to suck my titties
naturaltitties,No judgment but natural is always better
naturaltitties,I just enjoy showing off my boobs.
naturaltitties,"Say ""yes"" If you would tittyfuck me on the plane ğŸ˜ˆâœˆï¸"
naturaltitties,Say something nice and you will get a better show
naturaltitties,First date idea: Tittyfucking a nurse during her shift? Yay or nay ğŸ¥µğŸ‘©â€âš•ï¸
naturaltitties,you said you were going to suck my tits
naturaltitties,I need a confidence boost rn - help pls
naturaltitties,Suck my titties on a first date - yay or nay
naturaltitties,This is what you will see every night
naturaltitties,"Say ""yes"" If you'd tittyfuck me the whole flight ğŸ¥µâœˆï¸"
naturaltitties,let me bounce these in your face...then ill bounce on your cock..
naturaltitties,"Say ""yes"" if you'd accept my daily nudes"
naturaltitties,You'll never go hungry because of these.
naturaltitties,Theyâ€™re so full and waiting for you to suck them
naturaltitties,Theyâ€™re ready to be milked ;)
naturaltitties,I just love sharing my large boobs
naturaltitties,Curvy with big tits ğŸ˜œ
naturaltitties,My natural boobies
naturaltitties,35. 2 kids and i hope i am still sexy
naturaltitties,I am 35 and i think i am already too old for the man here
naturaltitties,"Say ""yes"" If you would suck my titties if I were your roommate"
bustynaturals,Natural 32DD
bustynaturals,They should be in your mouth rn.
bustynaturals,18yo and completely natural
bustynaturals,My tits and your cock seems like a good combo
bustynaturals,My tits are so pretty and bouncy ğŸ˜
bustynaturals,I just enjoy showing off my boobs.
bustynaturals,Ur christmas present this year is a 5'5 busty french girl
bustynaturals,Would you bury your face in my pale naturals?
bustynaturals,My tits and your cock are a perfect match for each other
bustynaturals,Suck them and Iâ€™ll suck you
bustynaturals,Cant wait to blow your mind with my tittyfuck tonight
bustynaturals,I hope they impressed you
bustynaturals,"Most guys say the meanest things about my tits, but Iâ€™m not gonna get implants"
bustynaturals,Am I busty enough.. My Ex didn't thought so..
bustynaturals,So soft and squishyâ€¦
bustynaturals,"I love My full milky tits, donâ€™t youğŸ˜"
bustynaturals,You'd never regret it giving these natties a shot
bustynaturals,"Popping these out is always fun, wanna suck?"
bustynaturals,These juicy boobies want your face in between
bustynaturals,My New Yearâ€™s resolution is to share more of these
bustynaturals,Your d and my boobs - good combo
bustynaturals,this cowgirl needs a bull
bustynaturals,"I've been told to get implants for a while, but I think I'll keep these puppies natural ^-^"
bustynaturals,These juicy tits are ready to be nutted on
bustynaturals,I'm so lucky with these tits I'll stay forever natural
bustynaturals,"Having these out is always fun, do you want to suck them?"
bustynaturals,Natural 35 y.o boobs
bustynaturals,"My Ex loved watching me please myself, I hope youÂ´ll enjoy it too F19"
bustynaturals,"I've been seeing so many girls getting implants, but I'm sticking to my guns and keeping mine natural"
bustynaturals,My tits are so soft that they will make you question your previous choices
tittydrop,The most suckable office titties you ever did see! (OC)
tittydrop,Iron maiden or my titties?;) [drop]
tittydrop,Each tit deserves its own drop!
tittydrop,The best part about natural boobs is the jiggle [drop]
tittydrop,95 pounds. 5â€™1. Built for your cumğŸ˜ˆğŸ˜ˆ [OC]
tittydrop,"I promised myself to go braless this 2024, and to do a titty reveal to every guy I met"
tittydrop,Your present this year is a 5'5 big titty frenchie [OC]
tittydrop,I'm your best friends mom and you just woke up in the WRONG bed! (Reveal)
tittydrop,These titties should be on your Christmas list [oc]
tittydrop,I don't wear bra and it is one of the breast decisions! [OC]
tittydrop,I have AMAZING natural tits [drop]
tittydrop,"They arenâ€™t the biggest, but I think they fit my body pretty well! ğŸ™ˆ (drop)"
tittydrop,Out giving my DDDs some fresh air [Reveal]
tittydrop,Popping these out is always fun [reveal]
tittydrop,Might not be an appropriate Christmas dress [reveal]
tittydrop,No one seems to notice just how big they are [reveal]
tittydrop,A Christmas with the family or me? [drop]
tittydrop,"[F] 40 something, drop in 1â€¦2â€¦. ğŸ˜œ"
tittydrop,Come and suck your boss tits (reveal)
tittydrop,I think I might have the perfect natural boobs.. [drop]
tittydrop,Going braless so I can flash my perfect titties easier! [drop]
tittydrop,A reminder that the best reveal is a titty pop!
tittydrop,Titties needed some air (reveal)
tittydrop,These calcium cannons deserves some love [OC]
tittydrop,you have 5 minutes with my boobs.. what do you want to do? [drop]
tittydrop,Reveal of my large milkers [OC]
tittydrop,Ever wanted to Fuck Tifa in the shower? (OC)
tittydrop,"If the bush is out, the tits gotta drop!"
tittydrop,Huge natural titty reveal
tittydrop,Just showing you how to play with them (drop)
fantasticbreasts,You donâ€™t see such tits everyday
fantasticbreasts,Not huge but very nice shaped!
fantasticbreasts,"my tits are a triple threat... big, bouncy, and perky, fuck me if i'm wrong ;)"
fantasticbreasts,My tits are so pretty and bouncy ğŸ˜
fantasticbreasts,Could I interest you in a tittyfuck
fantasticbreasts,They're sexy as hell :3
fantasticbreasts,Massive milkers in petite body ğŸ˜Œ
fantasticbreasts,May I jiggle these on your face?ğŸ˜‹
fantasticbreasts,Busting these tits out to bring you the best possible view â˜€ï¸
fantasticbreasts,fuck me and cum on my boobsğŸ˜ˆğŸ’¦
fantasticbreasts,They clap so loud when they bounce so hard
fantasticbreasts,Imagine waking up every day with my tits in your face...
fantasticbreasts,are my teacher boobs perfect for you daddy
fantasticbreasts,Aren't they yummy
fantasticbreasts,Perfect size to squeeze!
fantasticbreasts,You would love missionary with me
fantasticbreasts,Wanna be my breast friend?
fantasticbreasts,I need somebody to squeeze my boobs
fantasticbreasts,I like to call them hypnotits
fantasticbreasts,"You look stressed, squeeze these!"
fantasticbreasts,my busty natural boobs ready to be fucked between
fantasticbreasts,If I were you Iâ€™d have sex with me:)
fantasticbreasts,Don't they look so delicious
fantasticbreasts,"They look bigger on this angle, I kinda like that ğŸ˜ğŸ’™"
fantasticbreasts,Wanna be my breast friend?
fantasticbreasts,Your favorite blonde slut
fantasticbreasts,Some slow motion cute tits to bring in your new year ğŸ¥°
fantasticbreasts,"I don't care what other people think, I think their fantastic"
fantasticbreasts,"Smiles and tits, you canâ€™t go wrong"
fantasticbreasts,Pop one of these tanned titties in your mouth
nipples,My nipples make up for my awkwardness right
nipples,Was pretty nervous to do this! Flashing my pink nipples in the elevator for you. (F21)
nipples,"I just turned 21, so this is the first video of my saggy tits & pink nipples at 21 that youâ€™re seeing."
nipples,My small nipples are still suckable right?:)
nipples,Soft and suckable
nipples,The perfect nipples donâ€™t exisâ€¦.
nipples,The perfect nipples donâ€™t exisâ€¦. :)
nipples,I start my week with hard nipples
nipples,I hope you like small hard nipples :)
nipples,I might cum if you lick my nipples hard enough
nipples,They're the perfect handful
nipples,I love my small nipples :)
nipples,Hottest girls goes with puffies
nipples,Once your try my titties you'll never go back
nipples,My nipples make up for my awkwardness right
nipples,Naughty mom at your service with some delightful nipples
nipples,I want you to nut on them
nipples,My nipples may be small but I think theyâ€™re the perfect size to suck on:)
nipples,Touch my nipples! they are so hard
nipples,Wanna be my breast friend?
nipples,"I donâ€™t have any cheesy lines, just me & my pink nipples ğŸ’•"
nipples,At this point a bra is useless :D
nipples,"If you are an older man please answer honesty, how would you rate my tits?"
nipples,Pretty blonde with some nice knockers
nipples,My titties are so big
nipples,My nipples used to be pierced and honestly I canâ€™t decide what I like better
nipples,Catch them if you can hehe
nipples,Have you ever made a girl cum through nipple play :)
nipples,I just feel like they're not in your mouth enough
nipples,Any chances you'd suck them on a first date
perky,"Yes, I'm 18 and I'll let you eat me out on the first date."
perky,i deserve to be fucked
perky,Wish you love this view
perky,My tiny 2004 body is perfectly wifey material
perky,My boobs are so perky
perky,The best things in life make you sweaty.
perky,Eat me out before you fuck me
perky,"Life is short, make every hair flip count"
perky,pretty much always braless these days
perky,"go ahead, it's all yours ;)"
perky,always here wetting for you to play with them
perky,Let's find a dark room and see what happens.
perky,My tiny 2004 body is perfectly wifey material
perky,Please suck my stiff nipples babe
perky,My perky twins :)
perky,My boobs are probably too scarred for you
perky,I'm not a model but I do like to post my body to lighten up someone's day
perky,I think they're cute
perky,My boobs might be too tiny for you
perky,suck a librarians boobs today
perky,Hope I look approachable and fuckable to you
perky,These tits deserve the biggest loads you have
perky,Let's fuck in front of a mirror ğŸ˜š
perky,I bet you're mouth wants to do naughty things to me.
perky,Come chill with me. No clothes allowed
2busty2hide,Dinner Time
2busty2hide,My favorite.
2busty2hide,Busty in brown
2busty2hide,magnificent
2busty2hide,"Luke, I am your mother"
2busty2hide,Strong bust
2busty2hide,Sheâ€™s all about boobs
2busty2hide,Fantastic mountains..
2busty2hide,Starbucks ready
2busty2hide,Canâ€™t hide
2busty2hide,Berlin Girl
2busty2hide,fully elegant
2busty2hide,can't hide those
2busty2hide,Field of Dreams
2busty2hide,Padme Amidala cosplay?
2busty2hide,What country is this?!
2busty2hide,She knows what's up
2busty2hide,So huge
2busty2hide,Red
2busty2hide,Tight jacket
2busty2hide,Imagine how hungrily Ron Jeremy must have gorged on those ğŸ¤¤
2busty2hide,What a beautiful country
2busty2hide,Bang-on shirt
2busty2hide,Side profile
2busty2hide,My favourite teacher
2busty2hide,That view
2busty2hide,Winter â„ï¸
2busty2hide,British cuisine is something else
2busty2hide,she's shy......
2busty2hide,Wedding date...
2busty2hide,Gamer
2busty2hide,Dress to impress
2busty2hide,that's a nice chest
2busty2hide,Big Tits have arrived at the event ğŸ˜‰
2busty2hide,German girls are crazy busty
2busty2hide,Family Feud
2busty2hide,Happy New Year ğŸ¥‚
2busty2hide,2b2h
2busty2hide,i can watch her boobs all days
2busty2hide,no chance of hiding those
2busty2hide,Built in airbags
2busty2hide,Christmas Miracles
2busty2hide,Pretty face
2busty2hide,Shelf Tits
2busty2hide,big girls
2busty2hide,That tight purple dress
2busty2hide,she could share some with her friends
2busty2hide,Overalls canâ€™t cover up
2busty2hide,Happy new yearğŸ˜‰
2busty2hide,Throw back Thursday to this gem
2busty2hide,Detroit
2busty2hide,Goddess
2busty2hide,Busty MILF
2busty2hide,GGoalie
2busty2hide,Basketballs
2busty2hide,bouncing around
2busty2hide,Busty in blue
2busty2hide,Damn
2busty2hide,a nike in the hand...
2busty2hide,Busty in white
2busty2hide,Absolute hangers even with a bra theyâ€™re at her elbows
2busty2hide,Top stretchers
2busty2hide,difference of a sunset
2busty2hide,No lack of a rack
2busty2hide,They just wonâ€™t stop growing.
ratemyrack,"Your honest opinion on my boobs, please"
ratemyrack,"I need older men's honesty, how would you rate my tits?"
ratemyrack,Hiii 26f do you like my DD titties? ğŸ˜˜
ratemyrack,Can you rate my natural tiny tits?
ratemyrack,Can you rate my natural petite boobs?
ratemyrack,rate my titties honestly
ratemyrack,Rate my naturals from 1-10!
ratemyrack,"All natural mom of 3. Rate my boobs, but please don't be mean"
ratemyrack,"If you are an older man please answer honesty, how would you rate my tits?"
ratemyrack,please rate them honestly
ratemyrack,"On a scale from 1 to 10, whats the highest rating my titties can get?"
ratemyrack,Can you give me an honest rating of my perfect rack
ratemyrack,Honest rating of my rack please
ratemyrack,Can you rate these natural boobs for me?
ratemyrack,Can you rate these round boobs for me?
ratemyrack,What's your honest rating about my pair
ratemyrack,F47 curious of rating. Please rate my Milf tits! Thanks.
ratemyrack,rate my melons honestly
ratemyrack,Be honeset what would you really rate my titties?
ratemyrack,Rate my boobies ğŸ™ˆ
ratemyrack,Your honest opinion on my boobs please
ratemyrack,Can you rate these cute boobs for me?
ratemyrack,"Your honest opinion on my boobs, please"
ratemyrack,Thoughts / 10? ğŸ–¤
ratemyrack,Could you give me an honest rate
ratemyrack,Be honest what is your opinion about my rack?
ratemyrack,Are my boobs too saggy for 18 years old?
ratemyrack,Can you rate these natural boobs for me?
ratemyrack,Rate them but please no rude language :/
ratemyrack,Can you rate my natural perky boobs?
bigboobsgw,"4 pics of my huge tits, enjoy!"
bigboobsgw,My big tits want to say hello to you
bigboobsgw,Are you sucking or tittyfucking? ğŸ˜‹
bigboobsgw,"3 pics of my huge tits, enjoy ğŸ’–"
bigboobsgw,The problem of having huge tits ğŸ˜…
bigboobsgw,Did someone ask Santa for a 21 year old blonde with double Ds?
bigboobsgw,I hope my boobs were what you were longing for today
bigboobsgw,"If I flashed you in the parking lot are you shooting your shot, or are you too shy?"
bigboobsgw,Up close boobies is my favorite way to show them off to you
bigboobsgw,Donâ€™t stop looking darlingğŸ‘€
bigboobsgw,My boobs are always falling out ğŸ™„
bigboobsgw,Did you have a good Christmas? I think my boobs got bigger ğŸ¥°
bigboobsgw,Iâ€™ll be ur favorite busty doll
bigboobsgw,I'm at the point where I don't even care if someone see's me taking titty photos ğŸ˜‡
bigboobsgw,How would you describe my tits if you caught me topless on the beach?
bigboobsgw,Are my natural tits better than fakes? ğŸ˜
bigboobsgw,I am the student with biggest boobs in class
bigboobsgw,I used to hide under baggy Ts but now Iâ€™m proud of my huge hangers ğŸ˜
bigboobsgw,Good morning r/BigBoobsGW!
bigboobsgw,"I'll wait for you in my bed, are you coming?"
bigboobsgw,I love showing my natural boobs off ğŸ¥°
bigboobsgw,"Just curious, am I your type?ğŸ¥°"
bigboobsgw,My nipples are so suckable ğŸ“
bigboobsgw,"Front, side or underboob â€¦ pick your team ğŸ˜ˆ"
bigboobsgw,"If I was your neighbor, what would you do to me every night?"
bigboobsgw,Are my natural boobs better than fakes? ğŸ˜
bigboobsgw,I hope yâ€™all like my big naturalsâ€¦Iâ€™m kinda proud of them :3
bigboobsgw,Better than fakes ??
bigboobsgw,"Airbags deployed, momma will keep you safe"
bigboobsgw,My nipples were made for sucking
faces,The face of a goth girl who needs friends (F19)
faces,The face you make when a headache funks up your weekend plans
faces,The face of a girl who's secretly excited for Christmas
faces,The face of a girl who just got her drivers license F18
faces,My face after a new hair cut
faces,The face of a cutie little girl
faces,The face of a brunette ready to binge watch anime all day
faces,My face with no makeup
faces,The face of a girl who had an amazing time with family yesterday
faces,The face of a girl who used to struggle with acne (F18)
faces,Face of a 19 year old girl halfway through college
faces,The face of a single pretty girl
faces,My face because I didn't get invited to any Christmas parties
faces,Face of a girl that just turned 18
faces,The face of a girl who's going to live her best life in 2024
faces,The face of a girl who's not ready to stop hibernating in winter
faces,The face of a girl who's loving the time off of school
faces,Face of a girl who gets really embarrassed when people talk about her freckles ğŸ¤­
faces,the face of a nurse whos ready for new year ğŸ’ª
faces,The face of a girl that is chilling on bed all day! [f22]
faces,The face of a girl after a nice family dinner :) [f22]
faces,The face of a girl that deserves to chill on her bed after hard work! [f22]
faces,My face when I realize that I have to look for work
faces,The face of a girl that is ready to crush her goals in 2024! [f22]
faces,The face of a girl who is scared to be alone in her aparment
faces,The face of a girl who's ready to start 2024 off strong
faces,a face that ain't getting stopped by no winter
faces,the face of a girl who is hung over from new years
faces,Soft hazel eyes looking only at you
faces,face of a girl who had the best day
onlyfaces,"Feeling cute, I hope you like my face!"
onlyfaces,Are you turned on by me? F18
onlyfaces,Face of a new friend
onlyfaces,Does my type turn you on or off? 18f
onlyfaces,Are you turned on by me? F18
onlyfaces,Are you turned on by me? F18
onlyfaces,Do I turn you on or off?
onlyfaces,are you turnt on by me? f19
onlyfaces,Am I the kind of girl you'd want as your girlfriend?
onlyfaces,Iâ€™m sweet but I know how to play
onlyfaces,Iâ€™m bored and I felt pretty
onlyfaces,Do I turn you on or off?
onlyfaces,"Feeling cute, I hope you like my face!"
onlyfaces,I need a boyfriend
onlyfaces,feeling cute today
onlyfaces,Just the face of a girl in 2024
onlyfaces,Do I turn you on or off?
onlyfaces,just a cute selfie hope u like it
onlyfaces,Am I looking good?
onlyfaces,Iâ€™m bored and I felt pretty
onlyfaces,Do I have a cute face in your opinion?
onlyfaces,Am I the kind of girl you'd want as your girlfriend?
onlyfaces,Are you turned on by me? F18
onlyfaces,Iâ€™m bored and I feel pretty
onlyfaces,Iâ€™m bored and I feel pretty
onlyfaces,"Feeling cute, I hope you like my face!"
onlyfaces,Is my freckled cute
onlyfaces,What are your plans tonight?
onlyfaces,Are you turned on by me? F18
onlyfaces,Iâ€™m bored and I felt pretty
irlgirls,We have a winner (IUTR)
irlgirls,Nice uhh... Mountains. iutr
irlgirls,IUTR
irlgirls,Keeping things varied (IUTR)
irlgirls,IUTR college freshmen
irlgirls,Iutr
irlgirls,Lake day IUTR
irlgirls,Cowgirl IUTR
irlgirls,IUTR she's perfect
irlgirls,IUTR Shall we read together?
irlgirls,Bikini IUTR
irlgirls,Perfection in paradise IUTR
irlgirls,Classmate always a bit distracting (iutr)
irlgirls,IUTR
irlgirls,IUTR
irlgirls,IUTR
irlgirls,IUTR
irlgirls,IUTR
irlgirls,IUTR kini season ğŸ¤¤ğŸ¤¤
irlgirls,IUTR
irlgirls,Cutie iutr (19)
irlgirls,Iutr
irlgirls,IUTR
irlgirls,IUTR bikini babes
irlgirls,IUTR the tan lines are exquisite
irlgirls,Bikini day [IUTR]
irlgirls,Iutr
irlgirls,IUTR
irlgirls,Merry Xmas IUTR
irlgirls,classmate looks good in orange (iutr)
cleavagesfw,it's the angle
cleavagesfw,Ready to show them any moment
cleavagesfw,it's the angle
cleavagesfw,thank god it's friday :)
cleavagesfw,hiii
cleavagesfw,good morning :)
cleavagesfw,love that shirt
cleavagesfw,love that peek
cleavagesfw,Took a quick selfie before going out
cleavagesfw,My eyes are up here haha
cleavagesfw,"I think my top is a little too tight, don't you think?"
cleavagesfw,I know that's a good angle
cleavagesfw,it's not much but I still like that dress
cleavagesfw,Is this an angle that you could get used to?
cleavagesfw,Just a little peek
cleavagesfw,Morning
cleavagesfw,This shirt really brings them out
cleavagesfw,Dipping
cleavagesfw,Geeta tamta insta hottie
cleavagesfw,felt cute today :)
cleavagesfw,Love this outfit
cleavagesfw,Do you like what you see?
cleavagesfw,I like how the sun makes my skin look <3
cleavagesfw,my eyes are up here
cleavagesfw,that should be illegal
