Subreddit;Größe;Aktiv;Link;Submit
SmalGirlsbigasses;10111;18;https:www.reddit.com/r/SmalGirlsbigasses;https:www.reddit.com/r/SmalGirlsbigasses/submit
NSFW_petite_babes;11549;15;https:www.reddit.com/r/NSFW_petite_babes;https:www.reddit.com/r/NSFW_petite_babes/submit
thickthotstiktok;12077;10;https:www.reddit.com/r/thickthotstiktok;https:www.reddit.com/r/thickthotstiktok/submit
schoolgirlsluts;12873;12;https:www.reddit.com/r/schoolgirlsluts;https:www.reddit.com/r/schoolgirlsluts/submit
WhiteGirlTiktoks;17749;31;https:www.reddit.com/r/WhiteGirlTiktoks;https:www.reddit.com/r/WhiteGirlTiktoks/submit
FitnessBeauties;18731;327;https:www.reddit.com/r/FitnessBeauties;https:www.reddit.com/r/FitnessBeauties/submit
ASSgazer;22541;17;https:www.reddit.com/r/ASSgazer;https:www.reddit.com/r/ASSgazer/submit
AllAmateurWomen;24155;11;https:www.reddit.com/r/AllAmateurWomen;https:www.reddit.com/r/AllAmateurWomen/submit
whitegirlbeauty;26822;46;https:www.reddit.com/r/whitegirlbeauty;https:www.reddit.com/r/whitegirlbeauty/submit
addicted_to_Ass;34881;14;https:www.reddit.com/r/addicted_to_Ass;https:www.reddit.com/r/addicted_to_Ass/submit
FitnessGirls;35681;10;https:www.reddit.com/r/FitnessGirls;https:www.reddit.com/r/FitnessGirls/submit
bootyqueens;38329;18;https:www.reddit.com/r/bootyqueens;https:www.reddit.com/r/bootyqueens/submit
AdorableBoobs;42648;22;https:www.reddit.com/r/AdorableBoobs;https:www.reddit.com/r/AdorableBoobs/submit
CamGirls_all;48761;24;https:www.reddit.com/r/CamGirls_all;https:www.reddit.com/r/CamGirls_all/submit
BeautifulBigButts;52587;41;https:www.reddit.com/r/BeautifulBigButts;https:www.reddit.com/r/BeautifulBigButts/submit
PrettyWomen;55478;22;https:www.reddit.com/r/PrettyWomen;https:www.reddit.com/r/PrettyWomen/submit
TinyCuteTeen;58446;18;https:www.reddit.com/r/TinyCuteTeen;https:www.reddit.com/r/TinyCuteTeen/submit
needyass;59878;13;https:www.reddit.com/r/needyass;https:www.reddit.com/r/needyass/submit
Thick_Ladies;61115;16;https:www.reddit.com/r/Thick_Ladies;https:www.reddit.com/r/Thick_Ladies/submit
Fit_babes;62074;52;https:www.reddit.com/r/Fit_babes;https:www.reddit.com/r/Fit_babes/submit
FantasticTits;64700;16;https:www.reddit.com/r/FantasticTits;https:www.reddit.com/r/FantasticTits/submit
reallygorgeous;72796;217;https:www.reddit.com/r/reallygorgeous;https:www.reddit.com/r/reallygorgeous/submit
AssBootyButt;74011;27;https:www.reddit.com/r/AssBootyButt;https:www.reddit.com/r/AssBootyButt/submit
PerfectBoobs;75589;74;https:www.reddit.com/r/PerfectBoobs;https:www.reddit.com/r/PerfectBoobs/submit
NSFWMassive;86113;91;https:www.reddit.com/r/NSFWMassive;https:www.reddit.com/r/NSFWMassive/submit
beautifulbutt;92912;34;https:www.reddit.com/r/beautifulbutt;https:www.reddit.com/r/beautifulbutt/submit
TitsandAssLovers;93802;10;https:www.reddit.com/r/TitsandAssLovers;https:www.reddit.com/r/TitsandAssLovers/submit
instahotties;94645;22;https:www.reddit.com/r/instahotties;https:www.reddit.com/r/instahotties/submit
CuteTitties;95509;10;https:www.reddit.com/r/CuteTitties;https:www.reddit.com/r/CuteTitties/submit
OnlyNaturalBoobs;96799;38;https:www.reddit.com/r/OnlyNaturalBoobs;https:www.reddit.com/r/OnlyNaturalBoobs/submit
PerkyButts;97234;14;https:www.reddit.com/r/PerkyButts;https:www.reddit.com/r/PerkyButts/submit
90sTits;100429;13;https:www.reddit.com/r/90sTits;https:www.reddit.com/r/90sTits/submit
GirlsShapedLikeMewtwo;104800;22;https:www.reddit.com/r/GirlsShapedLikeMewtwo;https:www.reddit.com/r/GirlsShapedLikeMewtwo/submit
NsfwWowGifs;106423;11;https:www.reddit.com/r/NsfwWowGifs;https:www.reddit.com/r/NsfwWowGifs/submit
xxxnsfwgifs;112765;40;https:www.reddit.com/r/xxxnsfwgifs;https:www.reddit.com/r/xxxnsfwgifs/submit
StrongCurves;117356;28;https:www.reddit.com/r/StrongCurves;https:www.reddit.com/r/StrongCurves/submit
NSFWNextDoorGirls;126755;101;https:www.reddit.com/r/NSFWNextDoorGirls;https:www.reddit.com/r/NSFWNextDoorGirls/submit
DoggyStylePOV;128100;34;https:www.reddit.com/r/DoggyStylePOV;https:www.reddit.com/r/DoggyStylePOV/submit
BadandBoujeeBitches;129397;41;https:www.reddit.com/r/BadandBoujeeBitches;https:www.reddit.com/r/BadandBoujeeBitches/submit
YummyBoobs;132900;13;https:www.reddit.com/r/YummyBoobs;https:www.reddit.com/r/YummyBoobs/submit
realHomemade;135313;25;https:www.reddit.com/r/realHomemade;https:www.reddit.com/r/realHomemade/submit
TheGirlNextDoorNSFW;136956;20;https:www.reddit.com/r/TheGirlNextDoorNSFW;https:www.reddit.com/r/TheGirlNextDoorNSFW/submit
GymGirlsNSFW;144336;54;https:www.reddit.com/r/GymGirlsNSFW;https:www.reddit.com/r/GymGirlsNSFW/submit
AssInPanty;147128;17;https:www.reddit.com/r/AssInPanty;https:www.reddit.com/r/AssInPanty/submit
beforevsafter;148557;85;https:www.reddit.com/r/beforevsafter;https:www.reddit.com/r/beforevsafter/submit
GymPawg;148856;50;https:www.reddit.com/r/GymPawg;https:www.reddit.com/r/GymPawg/submit
AbsoluteWeapons;151887;46;https:www.reddit.com/r/AbsoluteWeapons;https:www.reddit.com/r/AbsoluteWeapons/submit
thatBounce;157049;14;https:www.reddit.com/r/thatBounce;https:www.reddit.com/r/thatBounce/submit
YoungBabes;157818;46;https:www.reddit.com/r/YoungBabes;https:www.reddit.com/r/YoungBabes/submit
CollegeSluts_NSFW;159775;19;https:www.reddit.com/r/CollegeSluts_NSFW;https:www.reddit.com/r/CollegeSluts_NSFW/submit
FreeOnlyFansPromotion;161252;24;https:www.reddit.com/r/FreeOnlyFansPromotion;https:www.reddit.com/r/FreeOnlyFansPromotion/submit
QOS;164322;26;https:www.reddit.com/r/QOS;https:www.reddit.com/r/QOS/submit
PAWGPornVids;164595;29;https:www.reddit.com/r/PAWGPornVids;https:www.reddit.com/r/PAWGPornVids/submit
Wifebutt;165785;81;https:www.reddit.com/r/Wifebutt;https:www.reddit.com/r/Wifebutt/submit
butt;170574;16;https:www.reddit.com/r/butt;https:www.reddit.com/r/butt/submit
WeLoveThePorn;173588;45;https:www.reddit.com/r/WeLoveThePorn;https:www.reddit.com/r/WeLoveThePorn/submit
GrabHerTitties;176648;15;https:www.reddit.com/r/GrabHerTitties;https:www.reddit.com/r/GrabHerTitties/submit
MagicNsfw;178945;26;https:www.reddit.com/r/MagicNsfw;https:www.reddit.com/r/MagicNsfw/submit
CuteVsSlut;179619;44;https:www.reddit.com/r/CuteVsSlut;https:www.reddit.com/r/CuteVsSlut/submit
Booty_Lovers;180182;16;https:www.reddit.com/r/Booty_Lovers;https:www.reddit.com/r/Booty_Lovers/submit
YourPornAddiction;185936;31;https:www.reddit.com/r/YourPornAddiction;https:www.reddit.com/r/YourPornAddiction/submit
RateMyAss_;186423;99;https:www.reddit.com/r/RateMyAss_;https:www.reddit.com/r/RateMyAss_/submit
BoobsInAction;189322;24;https:www.reddit.com/r/BoobsInAction;https:www.reddit.com/r/BoobsInAction/submit
Hot_Thick_Ladies;194618;29;https:www.reddit.com/r/Hot_Thick_Ladies;https:www.reddit.com/r/Hot_Thick_Ladies/submit
HealthyPorn;194996;17;https:www.reddit.com/r/HealthyPorn;https:www.reddit.com/r/HealthyPorn/submit
Perky;195486;10;https:www.reddit.com/r/Perky;https:www.reddit.com/r/Perky/submit
2Booty;201634;30;https:www.reddit.com/r/2Booty;https:www.reddit.com/r/2Booty/submit
cutegirlsgw;203234;50;https:www.reddit.com/r/cutegirlsgw;https:www.reddit.com/r/cutegirlsgw/submit
DamnASS;205346;16;https:www.reddit.com/r/DamnASS;https:www.reddit.com/r/DamnASS/submit
sensualcurves;206519;103;https:www.reddit.com/r/sensualcurves;https:www.reddit.com/r/sensualcurves/submit
GirlfriendsNSFW;207335;11;https:www.reddit.com/r/GirlfriendsNSFW;https:www.reddit.com/r/GirlfriendsNSFW/submit
webcamgirlsnsfw;210364;57;https:www.reddit.com/r/webcamgirlsnsfw;https:www.reddit.com/r/webcamgirlsnsfw/submit
ThickchicksGW;210925;24;https:www.reddit.com/r/ThickchicksGW;https:www.reddit.com/r/ThickchicksGW/submit
RateMyAss;213075;54;https:www.reddit.com/r/RateMyAss;https:www.reddit.com/r/RateMyAss/submit
PerfectTits;216159;79;https:www.reddit.com/r/PerfectTits;https:www.reddit.com/r/PerfectTits/submit
SluttyMaterial;219704;114;https:www.reddit.com/r/SluttyMaterial;https:www.reddit.com/r/SluttyMaterial/submit
LegalTeens_;228786;26;https:www.reddit.com/r/LegalTeens_;https:www.reddit.com/r/LegalTeens_/submit
DressedAndUndressed;229496;74;https:www.reddit.com/r/DressedAndUndressed;https:www.reddit.com/r/DressedAndUndressed/submit
FitAndNatural;235431;39;https:www.reddit.com/r/FitAndNatural;https:www.reddit.com/r/FitAndNatural/submit
WideHipsNSFW;238658;21;https:www.reddit.com/r/WideHipsNSFW;https:www.reddit.com/r/WideHipsNSFW/submit
TwerkingPorn;244795;15;https:www.reddit.com/r/TwerkingPorn;https:www.reddit.com/r/TwerkingPorn/submit
BreedMeDaddy;248946;172;https:www.reddit.com/r/BreedMeDaddy;https:www.reddit.com/r/BreedMeDaddy/submit
ExtraSmall;249403;29;https:www.reddit.com/r/ExtraSmall;https:www.reddit.com/r/ExtraSmall/submit
PhatAssWhiteGirl;249858;14;https:www.reddit.com/r/PhatAssWhiteGirl;https:www.reddit.com/r/PhatAssWhiteGirl/submit
full_nsfw;257725;35;https:www.reddit.com/r/full_nsfw;https:www.reddit.com/r/full_nsfw/submit
AwesomeAss;261387;20;https:www.reddit.com/r/AwesomeAss;https:www.reddit.com/r/AwesomeAss/submit
WhiteAndThick;268417;19;https:www.reddit.com/r/WhiteAndThick;https:www.reddit.com/r/WhiteAndThick/submit
Thighs;268543;99;https:www.reddit.com/r/Thighs;https:www.reddit.com/r/Thighs/submit
GifsOfRemoval;286320;25;https:www.reddit.com/r/GifsOfRemoval;https:www.reddit.com/r/GifsOfRemoval/submit
NaturalCurves;290280;14;https:www.reddit.com/r/NaturalCurves;https:www.reddit.com/r/NaturalCurves/submit
BigBootyPorn;290602;25;https:www.reddit.com/r/BigBootyPorn;https:www.reddit.com/r/BigBootyPorn/submit
BoltedOnBooty;291296;80;https:www.reddit.com/r/BoltedOnBooty;https:www.reddit.com/r/BoltedOnBooty/submit
HornyGirlsHub;298152;80;https:www.reddit.com/r/HornyGirlsHub;https:www.reddit.com/r/HornyGirlsHub/submit
TikTokXXX;301319;39;https:www.reddit.com/r/TikTokXXX;https:www.reddit.com/r/TikTokXXX/submit
CreampieMaterial;301420;59;https:www.reddit.com/r/CreampieMaterial;https:www.reddit.com/r/CreampieMaterial/submit
Babygirl;305930;265;https:www.reddit.com/r/Babygirl;https:www.reddit.com/r/Babygirl/submit
NSFW_Hardbodies;309214;80;https:www.reddit.com/r/NSFW_Hardbodies;https:www.reddit.com/r/NSFW_Hardbodies/submit
TheOnesYouLustOver;309944;668;https:www.reddit.com/r/TheOnesYouLustOver;https:www.reddit.com/r/TheOnesYouLustOver/submit
FertileGirls;310030;89;https:www.reddit.com/r/FertileGirls;https:www.reddit.com/r/FertileGirls/submit
LegalCollegeGirls;313078;177;https:www.reddit.com/r/LegalCollegeGirls;https:www.reddit.com/r/LegalCollegeGirls/submit
hugeasses;315584;18;https:www.reddit.com/r/hugeasses;https:www.reddit.com/r/hugeasses/submit
TwerkQueens;317826;25;https:www.reddit.com/r/TwerkQueens;https:www.reddit.com/r/TwerkQueens/submit
brunette;323395;21;https:www.reddit.com/r/brunette;https:www.reddit.com/r/brunette/submit
Naked;326341;19;https:www.reddit.com/r/Naked;https:www.reddit.com/r/Naked/submit
BestTits;327200;19;https:www.reddit.com/r/BestTits;https:www.reddit.com/r/BestTits/submit
NudeNonNude;327636;85;https:www.reddit.com/r/NudeNonNude;https:www.reddit.com/r/NudeNonNude/submit
Backview;330170;133;https:www.reddit.com/r/Backview;https:www.reddit.com/r/Backview/submit
PAWGtastic;331194;97;https:www.reddit.com/r/PAWGtastic;https:www.reddit.com/r/PAWGtastic/submit
InstagramHotties;332852;17;https:www.reddit.com/r/InstagramHotties;https:www.reddit.com/r/InstagramHotties/submit
LegalTeensGW;333217;11;https:www.reddit.com/r/LegalTeensGW;https:www.reddit.com/r/LegalTeensGW/submit
MirrorSelfie;335922;65;https:www.reddit.com/r/MirrorSelfie;https:www.reddit.com/r/MirrorSelfie/submit
HornyAmateurGirls;338731;21;https:www.reddit.com/r/HornyAmateurGirls;https:www.reddit.com/r/HornyAmateurGirls/submit
SlutSlutSlut;343637;24;https:www.reddit.com/r/SlutSlutSlut;https:www.reddit.com/r/SlutSlutSlut/submit
casualnudity;345069;28;https:www.reddit.com/r/casualnudity;https:www.reddit.com/r/casualnudity/submit
bootyshorts;346934;16;https:www.reddit.com/r/bootyshorts;https:www.reddit.com/r/bootyshorts/submit
iWantToFuckHer;347718;20;https:www.reddit.com/r/iWantToFuckHer;https:www.reddit.com/r/iWantToFuckHer/submit
slightcellulite;347719;44;https:www.reddit.com/r/slightcellulite;https:www.reddit.com/r/slightcellulite/submit
FantasticBreasts;349944;91;https:www.reddit.com/r/FantasticBreasts;https:www.reddit.com/r/FantasticBreasts/submit
BBW_Chubby;352893;25;https:www.reddit.com/r/BBW_Chubby;https:www.reddit.com/r/BBW_Chubby/submit
TikTok_Ass;353295;123;https:www.reddit.com/r/TikTok_Ass;https:www.reddit.com/r/TikTok_Ass/submit
JustHotWomen;358518;90;https:www.reddit.com/r/JustHotWomen;https:www.reddit.com/r/JustHotWomen/submit
tattooedgirls;363309;17;https:www.reddit.com/r/tattooedgirls;https:www.reddit.com/r/tattooedgirls/submit
GoneErotic;366496;14;https:www.reddit.com/r/GoneErotic;https:www.reddit.com/r/GoneErotic/submit
AmateurHallofFame;367500;40;https:www.reddit.com/r/AmateurHallofFame;https:www.reddit.com/r/AmateurHallofFame/submit
STAWG;369631;125;https:www.reddit.com/r/STAWG;https:www.reddit.com/r/STAWG/submit
Sexy_Asians;371576;40;https:www.reddit.com/r/Sexy_Asians;https:www.reddit.com/r/Sexy_Asians/submit
FullPornNetwork;385020;149;https:www.reddit.com/r/FullPornNetwork;https:www.reddit.com/r/FullPornNetwork/submit
Unashamed;387045;28;https:www.reddit.com/r/Unashamed;https:www.reddit.com/r/Unashamed/submit
Adorable_Girls;396034;46;https:www.reddit.com/r/Adorable_Girls;https:www.reddit.com/r/Adorable_Girls/submit
UniversityGirls;396926;194;https:www.reddit.com/r/UniversityGirls;https:www.reddit.com/r/UniversityGirls/submit
MiddleEasternHotties;410057;32;https:www.reddit.com/r/MiddleEasternHotties;https:www.reddit.com/r/MiddleEasternHotties/submit
datgap;410509;20;https:www.reddit.com/r/datgap;https:www.reddit.com/r/datgap/submit
onlynudechicks;411073;25;https:www.reddit.com/r/onlynudechicks;https:www.reddit.com/r/onlynudechicks/submit
thiccerthanyouthought;413165;17;https:www.reddit.com/r/thiccerthanyouthought;https:www.reddit.com/r/thiccerthanyouthought/submit
PawgLove;419102;333;https:www.reddit.com/r/PawgLove;https:www.reddit.com/r/PawgLove/submit
collegensfw;419708;33;https:www.reddit.com/r/collegensfw;https:www.reddit.com/r/collegensfw/submit
TotalBabes;422253;95;https:www.reddit.com/r/TotalBabes;https:www.reddit.com/r/TotalBabes/submit
lightskinbeauties;424185;51;https:www.reddit.com/r/lightskinbeauties;https:www.reddit.com/r/lightskinbeauties/submit
PrettyGirls;426508;114;https:www.reddit.com/r/PrettyGirls;https:www.reddit.com/r/PrettyGirls/submit
gymgirls;435799;72;https:www.reddit.com/r/gymgirls;https:www.reddit.com/r/gymgirls/submit
MixedRaceGirls;443271;43;https:www.reddit.com/r/MixedRaceGirls;https:www.reddit.com/r/MixedRaceGirls/submit
BeautifulFemales;443639;93;https:www.reddit.com/r/BeautifulFemales;https:www.reddit.com/r/BeautifulFemales/submit
GonewildGBUK;443676;195;https:www.reddit.com/r/GonewildGBUK;https:www.reddit.com/r/GonewildGBUK/submit
HardcoreNSFW;444286;67;https:www.reddit.com/r/HardcoreNSFW;https:www.reddit.com/r/HardcoreNSFW/submit
HotStuffNSFW;446152;13;https:www.reddit.com/r/HotStuffNSFW;https:www.reddit.com/r/HotStuffNSFW/submit
sluts;448050;99;https:www.reddit.com/r/sluts;https:www.reddit.com/r/sluts/submit
TikThots;448959;60;https:www.reddit.com/r/TikThots;https:www.reddit.com/r/TikThots/submit
bangmybully;449179;177;https:www.reddit.com/r/bangmybully;https:www.reddit.com/r/bangmybully/submit
girlsdoingstuffnaked;452486;42;https:www.reddit.com/r/girlsdoingstuffnaked;https:www.reddit.com/r/girlsdoingstuffnaked/submit
ThickChixxx;457704;47;https:www.reddit.com/r/ThickChixxx;https:www.reddit.com/r/ThickChixxx/submit
Babes;462924;31;https:www.reddit.com/r/Babes;https:www.reddit.com/r/Babes/submit
thongs;465209;156;https:www.reddit.com/r/thongs;https:www.reddit.com/r/thongs/submit
GymMotivation;470013;100;https:www.reddit.com/r/GymMotivation;https:www.reddit.com/r/GymMotivation/submit
SchoolGirlSkirts;475599;30;https:www.reddit.com/r/SchoolGirlSkirts;https:www.reddit.com/r/SchoolGirlSkirts/submit
wildpartygirls;476646;124;https:www.reddit.com/r/wildpartygirls;https:www.reddit.com/r/wildpartygirls/submit
Titties;484015;22;https:www.reddit.com/r/Titties;https:www.reddit.com/r/Titties/submit
hotclub;485163;111;https:www.reddit.com/r/hotclub;https:www.reddit.com/r/hotclub/submit
PremiumCheeks;491250;18;https:www.reddit.com/r/PremiumCheeks;https:www.reddit.com/r/PremiumCheeks/submit
BabesNSFW;494676;267;https:www.reddit.com/r/BabesNSFW;https:www.reddit.com/r/BabesNSFW/submit
TikTok_Tits;495737;171;https:www.reddit.com/r/TikTok_Tits;https:www.reddit.com/r/TikTok_Tits/submit
womenarethings;514298;76;https:www.reddit.com/r/womenarethings;https:www.reddit.com/r/womenarethings/submit
The_Best_NSFW_GIFS;514608;34;https:www.reddit.com/r/The_Best_NSFW_GIFS;https:www.reddit.com/r/The_Best_NSFW_GIFS/submit
ratemyboobs;517639;130;https:www.reddit.com/r/ratemyboobs;https:www.reddit.com/r/ratemyboobs/submit
nsfwoutfits;530981;32;https:www.reddit.com/r/nsfwoutfits;https:www.reddit.com/r/nsfwoutfits/submit
RateMyNudeBody;543472;80;https:www.reddit.com/r/RateMyNudeBody;https:www.reddit.com/r/RateMyNudeBody/submit
TwentyPlus;544944;65;https:www.reddit.com/r/TwentyPlus;https:www.reddit.com/r/TwentyPlus/submit
B_Cups;549880;58;https:www.reddit.com/r/B_Cups;https:www.reddit.com/r/B_Cups/submit
WhyEvenWearAnything;554750;71;https:www.reddit.com/r/WhyEvenWearAnything;https:www.reddit.com/r/WhyEvenWearAnything/submit
AmazingCurves;554994;72;https:www.reddit.com/r/AmazingCurves;https:www.reddit.com/r/AmazingCurves/submit
HighResNSFW;558807;158;https:www.reddit.com/r/HighResNSFW;https:www.reddit.com/r/HighResNSFW/submit
CamGirls;559229;142;https:www.reddit.com/r/CamGirls;https:www.reddit.com/r/CamGirls/submit
BoobsAndTities;565075;30;https:www.reddit.com/r/BoobsAndTities;https:www.reddit.com/r/BoobsAndTities/submit
GYM;565920;111;https:www.reddit.com/r/GYM;https:www.reddit.com/r/GYM/submit
BestPornInGalaxy;566237;106;https:www.reddit.com/r/BestPornInGalaxy;https:www.reddit.com/r/BestPornInGalaxy/submit
StreetsIsWatchin;567398;77;https:www.reddit.com/r/StreetsIsWatchin;https:www.reddit.com/r/StreetsIsWatchin/submit
GirlsGW;574949;143;https:www.reddit.com/r/GirlsGW;https:www.reddit.com/r/GirlsGW/submit
WhiteCheeks;588146;52;https:www.reddit.com/r/WhiteCheeks;https:www.reddit.com/r/WhiteCheeks/submit
PetiteTits;591311;83;https:www.reddit.com/r/PetiteTits;https:www.reddit.com/r/PetiteTits/submit
Nsfw_Amateurs;609735;45;https:www.reddit.com/r/Nsfw_Amateurs;https:www.reddit.com/r/Nsfw_Amateurs/submit
NSFWGirl;626658;190;https:www.reddit.com/r/NSFWGirl;https:www.reddit.com/r/NSFWGirl/submit
JizzedToThiss;641686;123;https:www.reddit.com/r/JizzedToThiss;https:www.reddit.com/r/JizzedToThiss/submit
smalltitsbigass;658428;21;https:www.reddit.com/r/smalltitsbigass;https:www.reddit.com/r/smalltitsbigass/submit
stripgirls;659507;49;https:www.reddit.com/r/stripgirls;https:www.reddit.com/r/stripgirls/submit
lingerie;664188;92;https:www.reddit.com/r/lingerie;https:www.reddit.com/r/lingerie/submit
assinthong;666075;40;https:www.reddit.com/r/assinthong;https:www.reddit.com/r/assinthong/submit
boltedontits;671519;102;https:www.reddit.com/r/boltedontits;https:www.reddit.com/r/boltedontits/submit
BornToBeFucked;676609;415;https:www.reddit.com/r/BornToBeFucked;https:www.reddit.com/r/BornToBeFucked/submit
AthleticBabes;686167;74;https:www.reddit.com/r/AthleticBabes;https:www.reddit.com/r/AthleticBabes/submit
rice_cakes;705986;34;https:www.reddit.com/r/rice_cakes;https:www.reddit.com/r/rice_cakes/submit
naughtychicks;744058;42;https:www.reddit.com/r/naughtychicks;https:www.reddit.com/r/naughtychicks/submit
SexyTummies;749199;44;https:www.reddit.com/r/SexyTummies;https:www.reddit.com/r/SexyTummies/submit
PerfectBody;769728;120;https:www.reddit.com/r/PerfectBody;https:www.reddit.com/r/PerfectBody/submit
normalnudes;775107;300;https:www.reddit.com/r/normalnudes;https:www.reddit.com/r/normalnudes/submit
homegrowntits;789741;31;https:www.reddit.com/r/homegrowntits;https:www.reddit.com/r/homegrowntits/submit
FlashingGirls;805861;50;https:www.reddit.com/r/FlashingGirls;https:www.reddit.com/r/FlashingGirls/submit
tightdresses;807014;190;https:www.reddit.com/r/tightdresses;https:www.reddit.com/r/tightdresses/submit
petite;808401;101;https:www.reddit.com/r/petite;https:www.reddit.com/r/petite/submit
shavedpussies;809056;52;https:www.reddit.com/r/shavedpussies;https:www.reddit.com/r/shavedpussies/submit
UnderwearGW;811751;47;https:www.reddit.com/r/UnderwearGW;https:www.reddit.com/r/UnderwearGW/submit
HungryButts;812642;69;https:www.reddit.com/r/HungryButts;https:www.reddit.com/r/HungryButts/submit
NSFW_Snapchat;815187;63;https:www.reddit.com/r/NSFW_Snapchat;https:www.reddit.com/r/NSFW_Snapchat/submit
BonerMaterial;818016;48;https:www.reddit.com/r/BonerMaterial;https:www.reddit.com/r/BonerMaterial/submit
twerking;849803;40;https:www.reddit.com/r/twerking;https:www.reddit.com/r/twerking/submit
Nipples;851620;157;https:www.reddit.com/r/Nipples;https:www.reddit.com/r/Nipples/submit
HomemadeNsfw;857617;362;https:www.reddit.com/r/HomemadeNsfw;https:www.reddit.com/r/HomemadeNsfw/submit
amihot;870196;293;https:www.reddit.com/r/amihot;https:www.reddit.com/r/amihot/submit
AdorableNudes;886168;289;https:www.reddit.com/r/AdorableNudes;https:www.reddit.com/r/AdorableNudes/submit
tits;890547;61;https:www.reddit.com/r/tits;https:www.reddit.com/r/tits/submit
smallboobs;908222;304;https:www.reddit.com/r/smallboobs;https:www.reddit.com/r/smallboobs/submit
Breeding;908913;148;https:www.reddit.com/r/Breeding;https:www.reddit.com/r/Breeding/submit
funsized;911314;34;https:www.reddit.com/r/funsized;https:www.reddit.com/r/funsized/submit
iwanttobeher;928091;74;https:www.reddit.com/r/iwanttobeher;https:www.reddit.com/r/iwanttobeher/submit
CamSluts;928652;165;https:www.reddit.com/r/CamSluts;https:www.reddit.com/r/CamSluts/submit
DaughterTraining;934663;185;https:www.reddit.com/r/DaughterTraining;https:www.reddit.com/r/DaughterTraining/submit
ButtsAndBareFeet;942204;198;https:www.reddit.com/r/ButtsAndBareFeet;https:www.reddit.com/r/ButtsAndBareFeet/submit
Boobies;957409;77;https:www.reddit.com/r/Boobies;https:www.reddit.com/r/Boobies/submit
MassiveTitsnAss;957767;171;https:www.reddit.com/r/MassiveTitsnAss;https:www.reddit.com/r/MassiveTitsnAss/submit
Hotchickswithtattoos;974937;50;https:www.reddit.com/r/Hotchickswithtattoos;https:www.reddit.com/r/Hotchickswithtattoos/submit
homemadexxx;1018178;111;https:www.reddit.com/r/homemadexxx;https:www.reddit.com/r/homemadexxx/submit
bodyperfection;1046546;131;https:www.reddit.com/r/bodyperfection;https:www.reddit.com/r/bodyperfection/submit
fitgirls;1063045;85;https:www.reddit.com/r/fitgirls;https:www.reddit.com/r/fitgirls/submit
DegradingHoles;1068325;85;https:www.reddit.com/r/DegradingHoles;https:www.reddit.com/r/DegradingHoles/submit
SmallCutie;1074449;361;https:www.reddit.com/r/SmallCutie;https:www.reddit.com/r/SmallCutie/submit
CuteLittleButts;1131842;119;https:www.reddit.com/r/CuteLittleButts;https:www.reddit.com/r/CuteLittleButts/submit
YoungGirlsGoneWild;1132941;110;https:www.reddit.com/r/YoungGirlsGoneWild;https:www.reddit.com/r/YoungGirlsGoneWild/submit
boobbounce;1143812;57;https:www.reddit.com/r/boobbounce;https:www.reddit.com/r/boobbounce/submit
CollegeAmateurs;1145903;114;https:www.reddit.com/r/CollegeAmateurs;https:www.reddit.com/r/CollegeAmateurs/submit
TinyTits;1180760;127;https:www.reddit.com/r/TinyTits;https:www.reddit.com/r/TinyTits/submit
slutsofsnapchat;1185928;246;https:www.reddit.com/r/slutsofsnapchat;https:www.reddit.com/r/slutsofsnapchat/submit
naturaltitties;1251447;369;https:www.reddit.com/r/naturaltitties;https:www.reddit.com/r/naturaltitties/submit
dirtysmall;1357500;104;https:www.reddit.com/r/dirtysmall;https:www.reddit.com/r/dirtysmall/submit
Stacked;1417277;222;https:www.reddit.com/r/Stacked;https:www.reddit.com/r/Stacked/submit
ThickThighs;1451650;297;https:www.reddit.com/r/ThickThighs;https:www.reddit.com/r/ThickThighs/submit
BigBoobsGW;1559782;194;https:www.reddit.com/r/BigBoobsGW;https:www.reddit.com/r/BigBoobsGW/submit
tiktokthots;1585985;353;https:www.reddit.com/r/tiktokthots;https:www.reddit.com/r/tiktokthots/submit
Gonewild18;1586061;273;https:www.reddit.com/r/Gonewild18;https:www.reddit.com/r/Gonewild18/submit
womensstreetwear;1602700;20;https:www.reddit.com/r/womensstreetwear;https:www.reddit.com/r/womensstreetwear/submit
18_19;1620122;158;https:www.reddit.com/r/18_19;https:www.reddit.com/r/18_19/submit
SluttyConfessions;1621570;2020;https:www.reddit.com/r/SluttyConfessions;https:www.reddit.com/r/SluttyConfessions/submit
JizzedToThis;1641314;204;https:www.reddit.com/r/JizzedToThis;https:www.reddit.com/r/JizzedToThis/submit
DadWouldBeProud;1715305;206;https:www.reddit.com/r/DadWouldBeProud;https:www.reddit.com/r/DadWouldBeProud/submit
AsianHotties;1790028;413;https:www.reddit.com/r/AsianHotties;https:www.reddit.com/r/AsianHotties/submit
barelylegalteens;1806133;704;https:www.reddit.com/r/barelylegalteens;https:www.reddit.com/r/barelylegalteens/submit
xsmallgirls;1845270;362;https:www.reddit.com/r/xsmallgirls;https:www.reddit.com/r/xsmallgirls/submit
bigasses;1846475;100;https:www.reddit.com/r/bigasses;https:www.reddit.com/r/bigasses/submit
BiggerThanYouThought;1994766;150;https:www.reddit.com/r/BiggerThanYouThought;https:www.reddit.com/r/BiggerThanYouThought/submit
nsfw_gifs;2029134;284;https:www.reddit.com/r/nsfw_gifs;https:www.reddit.com/r/nsfw_gifs/submit
tiktoknsfw;2053410;231;https:www.reddit.com/r/tiktoknsfw;https:www.reddit.com/r/tiktoknsfw/submit
Slut;2202207;334;https:www.reddit.com/r/Slut;https:www.reddit.com/r/Slut/submit
boobs;2243335;501;https:www.reddit.com/r/boobs;https:www.reddit.com/r/boobs/submit
Nude_Selfie;2322289;457;https:www.reddit.com/r/Nude_Selfie;https:www.reddit.com/r/Nude_Selfie/submit
TittyDrop;2422224;277;https:www.reddit.com/r/TittyDrop;https:www.reddit.com/r/TittyDrop/submit
PetiteGoneWild;2458054;300;https:www.reddit.com/r/PetiteGoneWild;https:www.reddit.com/r/PetiteGoneWild/submit
BustyPetite;2547640;255;https:www.reddit.com/r/BustyPetite;https:www.reddit.com/r/BustyPetite/submit
BreedingMaterial;2659234;245;https:www.reddit.com/r/BreedingMaterial;https:www.reddit.com/r/BreedingMaterial/submit
collegesluts;2961965;1253;https:www.reddit.com/r/collegesluts;https:www.reddit.com/r/collegesluts/submit
nsfw;4333899;552;https:www.reddit.com/r/nsfw;https:www.reddit.com/r/nsfw/submit