username;link;karma;Onlyfans;Instagram;Twitter
devillishgoddess;https://www.reddit.com/user/devillishgoddess;212715;;https://instagram.com/devillishdiary;https://twitter.com/devillishdiary
ParkourKitten69;https://www.reddit.com/user/ParkourKitten69;196457;;https://instagram.com/missayachan69;https://twitter.com/missayachan
GoodieGoddess;https://www.reddit.com/user/GoodieGoddess;1732;https://onlyfans.com/baybiekay333;https://instagram.com/goodiegoddess333;
Milfsnax;https://www.reddit.com/user/Milfsnax;21705;https://onlyfans.com/mistysplayhouse;https://instagram.com/Misty_milf_shake;
fitasianmom;https://www.reddit.com/user/fitasianmom;8562;https://onlyfans.com/fitasianmom;https://instagram.com/fit_asian_mom1;
DezAnakin;https://www.reddit.com/user/DezAnakin;8682;;https://instagram.com/Dez-Tigerina;https://twitter.com/metalmilf93
BigSlutTinyToes;https://www.reddit.com/user/BigSlutTinyToes;1261;https://onlyfans.com/louisearmana;https://instagram.com/louisearmana;https://twitter.com/LouiseArmana
Nofacedwoman100;https://www.reddit.com/user/Nofacedwoman100;41439;https://onlyfans.com/ljlacey;https://instagram.com/lj_lacey;https://twitter.com/ljsexytherapist
Sea_Increase_465;https://www.reddit.com/user/Sea_Increase_465;8216;https://onlyfans.com/msnicholevip;https://instagram.com/msnichole2024;
xobondaixo;https://www.reddit.com/user/xobondaixo;3413;;https://instagram.com/xobondaixo_;https://twitter.com/xobondaixo
Knockers420;https://www.reddit.com/user/Knockers420;7285;;https://instagram.com/knockers420;https://twitter.com/knockers420
jenafreaka;https://www.reddit.com/user/jenafreaka;68252;https://onlyfans.com/jenafreaka;https://instagram.com/jenafreaka001;
Evanessa_r;https://www.reddit.com/user/Evanessa_r;46656;;https://instagram.com/evanesse_inst;https://twitter.com/Evanesse_tweet
Silly-Asian-Kitty;https://www.reddit.com/user/Silly-Asian-Kitty;113678;https://onlyfans.com/SillyAsianKitty;https://instagram.com/sillydrawerx;
Ok-Sherbet-8236;https://www.reddit.com/user/Ok-Sherbet-8236;7373;;https://instagram.com/paige.hall99;
CharmingMistress;https://www.reddit.com/user/CharmingMistress;303967;;https://instagram.com/candyslayerx;
KihannaVB;https://www.reddit.com/user/KihannaVB;4879;https://onlyfans.com/KihannaVB;https://instagram.com/KihannaVB;https://twitter.com/KihannaVB
Hallegoodgirlx;https://www.reddit.com/user/Hallegoodgirlx;75311;https://onlyfans.com/hallegoodgirl;https://instagram.com/hallegoodgirlx;https://twitter.com/hallegoodgirlx
iambabyrose8;https://www.reddit.com/user/iambabyrose8;2420;;https://instagram.com/bombshellqueen8;
MistressMagic;https://www.reddit.com/user/MistressMagic;14317;https://onlyfans.com/Mistressofmagic;https://instagram.com/venusmagicandmysteries;https://twitter.com/MistressMagic1
DariasPhoToes;https://www.reddit.com/user/DariasPhoToes;29103;https://onlyfans.com/DariasPhoToes;https://instagram.com/dariapantaloni;https://twitter.com/dariasphotoes
gomnessa;https://www.reddit.com/user/gomnessa;13002;;https://instagram.com/thegomnessa;https://twitter.com/gomnessax
giahoney;https://www.reddit.com/user/giahoney;4054;;https://instagram.com/smokingkatie;https://twitter.com/smokingkatie
SweetViki;https://www.reddit.com/user/SweetViki;1809392;https://onlyfans.com/Sweetviki;https://instagram.com/Xosweetvikixo;https://twitter.com/Sweetvikixo
CuteeAssaButton;https://www.reddit.com/user/CuteeAssaButton;2309565;https://onlyfans.com/cuteeassabutton;https://instagram.com/cuteeassabutton1;https://twitter.com/cuteeassabutton
DeIightfulDani;https://www.reddit.com/user/DeIightfulDani;5690;https://onlyfans.com/dylsexic;https://instagram.com/delightfuldani;
Miss_cWhite;https://www.reddit.com/user/Miss_cWhite;3056;https://onlyfans.com/misscwhite;https://instagram.com/misscwhite69;
MzRosieB;https://www.reddit.com/user/MzRosieB;78681;https://onlyfans.com/prismroses;https://instagram.com/mzrosebriggs;
nicholebaby1996;https://www.reddit.com/user/nicholebaby1996;6361;https://onlyfans.com/mommynichole96;https://instagram.com/nicholebaby96;
swtbabykitten;https://www.reddit.com/user/swtbabykitten;995;https://onlyfans.com/sw33tbabykitten;https://instagram.com/sw33tbabykitten;
undesirablemutt;https://www.reddit.com/user/undesirablemutt;1089;https://onlyfans.com/poisonedmushroom;https://instagram.com/daddys.mushy.kiddo;https://twitter.com/undesirablemutt
KaceyLouis;https://www.reddit.com/user/KaceyLouis;2908;https://onlyfans.com/kaceylouis69;https://instagram.com/kaceylouis69;
Aphrodite2Lips;https://www.reddit.com/user/Aphrodite2Lips;1036;https://onlyfans.com/Aphrodite2Lips;https://instagram.com/Aphrodite2Lips;
GoddessCrystal2;https://www.reddit.com/user/GoddessCrystal2;7597;;https://instagram.com/CrystalHive;https://twitter.com/GoddessCrystal0
MickeyMountains;https://www.reddit.com/user/MickeyMountains;119745;https://onlyfans.com/climbmickeymountain;https://instagram.com/mickeymountains;
casal_venomous;https://www.reddit.com/user/casal_venomous;202139;https://onlyfans.com/venomouslips/c9;https://instagram.com/venomouslipsx;
AmberLilyShow;https://www.reddit.com/user/AmberLilyShow;204;;https://instagram.com/AmberLilyShow;https://twitter.com/AmberLily
eatstherude;https://www.reddit.com/user/eatstherude;7905;;https://instagram.com/eatstherude;https://twitter.com/spoiledxgoddess
darkmistress11;https://www.reddit.com/user/darkmistress11;6142;https://onlyfans.com/darkmistress11;https://instagram.com/darkmistress11;https://twitter.com/succubusass
Alaska-Lew;https://www.reddit.com/user/Alaska-Lew;534;;https://instagram.com/alaskalew04;
aryabdul;https://www.reddit.com/user/aryabdul;2414;https://onlyfans.com/abdulgoth666;https://instagram.com/Ary.abdul666;https://twitter.com/Aryabdul666
eeviedoll;https://www.reddit.com/user/eeviedoll;7049;https://onlyfans.com/eeviedoll;https://instagram.com/eeviedoll;https://twitter.com/eeviedoll
travelhippieofficial;https://www.reddit.com/user/travelhippieofficial;1440;;https://instagram.com/travelhippieofficial;
KiKiPAWG;https://www.reddit.com/user/KiKiPAWG;550094;https://onlyfans.com/kikipawg;https://instagram.com/kikipawg2;https://twitter.com/kikipawg
katherinered;https://www.reddit.com/user/katherinered;7590;;https://instagram.com/TheKatherineRed;https://twitter.com/TheKatherineRed
LuxyReid;https://www.reddit.com/user/LuxyReid;3845;;https://instagram.com/thelaughinglu;https://twitter.com/luxyreid
sassysammi710;https://www.reddit.com/user/sassysammi710;17317;https://onlyfans.com/killerkittenxo;https://instagram.com/killerkitten.xo;https://twitter.com/killerkittenxo
EllaGrae;https://www.reddit.com/user/EllaGrae;3266;;https://instagram.com/ellagraesm;https://twitter.com/baby_ellagrae
laurenwearslingerie;https://www.reddit.com/user/laurenwearslingerie;1672;https://onlyfans.com/laurenwearslingerie;https://instagram.com/lauren_wears_lingerie;
Moody_Feet;https://www.reddit.com/user/Moody_Feet;503338;https://onlyfans.com/moodyfeet;https://instagram.com/moody_fxxt;https://twitter.com/moody_feet
Gucci_Cocaine;https://www.reddit.com/user/Gucci_Cocaine;28771;;https://instagram.com/simonereage;https://twitter.com/simonereage
kirapynk;https://www.reddit.com/user/kirapynk;23361;https://onlyfans.com/kirapynk;https://instagram.com/kirapynk;https://twitter.com/kirapynk
GoddessMarleyxo;https://www.reddit.com/user/GoddessMarleyxo;68;;https://instagram.com/goddess_marley;https://twitter.com/GoddessMarleyxo
jennaxcakes;https://www.reddit.com/user/jennaxcakes;34232;https://onlyfans.com/jennaxcakes;https://instagram.com/jennacakesx;https://twitter.com/jennaxcakes
MissNicoleCoquette;https://www.reddit.com/user/MissNicoleCoquette;5274;;https://instagram.com/missnicolecoquette;
susanna_banana_xx;https://www.reddit.com/user/susanna_banana_xx;48740;;https://instagram.com/freerangeslvt;https://twitter.com/freerangeslut
Angie_Mad;https://www.reddit.com/user/Angie_Mad;3146;;https://instagram.com/Angie_madxx;https://twitter.com/Angiemad01
savvymsstacey7;https://www.reddit.com/user/savvymsstacey7;1292;;https://instagram.com/Savvymsstacey;
TheRedHeadedRabbit;https://www.reddit.com/user/TheRedHeadedRabbit;456375;;https://instagram.com/lizziebuns;https://twitter.com/thelizziebuns
Chelle00069;https://www.reddit.com/user/Chelle00069;10992;https://onlyfans.com/Chelle0069;https://instagram.com/chelle_0069;https://twitter.com/Chelle0069
Alliexo1;https://www.reddit.com/user/Alliexo1;1796;https://onlyfans.com/alliee.xoxox;https://instagram.com/allie.xoxoxx;
CristyCakes;https://www.reddit.com/user/CristyCakes;59502;https://onlyfans.com/Cristycakes;https://instagram.com/cristybbby;
Vifoxx;https://www.reddit.com/user/Vifoxx;82093;https://onlyfans.com/international3th0t;https://instagram.com/int3rnational3th0t;
Prudent-Mountain-425;https://www.reddit.com/user/Prudent-Mountain-425;26684;;https://instagram.com/mydreambookon;https://twitter.com/MsMargotGrey
theemaskedmaggie;https://www.reddit.com/user/theemaskedmaggie;8569;https://onlyfans.com/theemaskedmaggie;https://instagram.com/maggiewitaphattie;https://twitter.com/maskedmaggie444
naughtyblonde7;https://www.reddit.com/user/naughtyblonde7;124304;https://onlyfans.com/xxcourt4;https://instagram.com/xxcourt4;https://twitter.com/xxcourt4
VeraGromova;https://www.reddit.com/user/VeraGromova;660;;https://instagram.com/grom.femdom;https://twitter.com/Vera_Gromova_
galebkitty;https://www.reddit.com/user/galebkitty;108978;https://onlyfans.com/galebkitty;https://instagram.com/gale_does_cosplay_;https://twitter.com/Galebkitty
inkedcosplaygirl;https://www.reddit.com/user/inkedcosplaygirl;26967;https://onlyfans.com/inkedcosplaygirl;https://instagram.com/inkedcosplays;https://twitter.com/inkedmoebius
xasialynnx;https://www.reddit.com/user/xasialynnx;10316;https://onlyfans.com/asialynnbby;https://instagram.com/asialynnbby;https://twitter.com/xasialynnx
SneakinSallie;https://www.reddit.com/user/SneakinSallie;38423;https://onlyfans.com/sneakinsallie;https://instagram.com/sneakinsallie;
KirschePie72;https://www.reddit.com/user/KirschePie72;1967;https://onlyfans.com/KirschePie;https://instagram.com/KirschePie;
baby-Anj;https://www.reddit.com/user/baby-Anj;486;;https://www.instagram.com/princessangelschultz?igsh=dDJkbnM1eDJjZnBz&utm_source=qr;
ellexoxo02;https://www.reddit.com/user/ellexoxo02;9939;https://onlyfans.com/ellemxoxo;https://instagram.com/elle.mxoxo;
Sash_Smith26;https://www.reddit.com/user/Sash_Smith26;1332;;https://instagram.com/that_queen_sasha;
goddessollie;https://www.reddit.com/user/goddessollie;465;;https://instagram.com/oliviagodd7591;https://twitter.com/OliviaGodd7591
curvyhoneyph;https://www.reddit.com/user/curvyhoneyph;354;;https://instagram.com/curvyhoneyph;https://twitter.com/curvyhoneyph
SweetHoney_506;https://www.reddit.com/user/SweetHoney_506;1613;https://onlyfans.com/sweethoneyfree;https://instagram.com/sweet.honey506;https://twitter.com/honeymilfxox
420cherryxx;https://www.reddit.com/user/420cherryxx;64;;https://instagram.com/foreveristexas;
kittyxmiami;https://www.reddit.com/user/kittyxmiami;419;;https://instagram.com/kittyxmiami;
laylar585;https://www.reddit.com/user/laylar585;4445;;https://instagram.com/laylar585;
pretyphoenix;https://www.reddit.com/user/pretyphoenix;409;;https://instagram.com/prety_phoenix;https://twitter.com/prtyphoenix
scarylilbaby18;https://www.reddit.com/user/scarylilbaby18;1543;;https://instagram.com/littlest_crazypuppy;
evieeve21;https://www.reddit.com/user/evieeve21;2848;;https://instagram.com/evieeve735;
Anaiisa;https://www.reddit.com/user/Anaiisa;2;;https://instagram.com/miss.anaisa;https://twitter.com/Anaisa_you
cumslutkirsty;https://www.reddit.com/user/cumslutkirsty;2297;https://onlyfans.com/kirstyschroniclesxxx;https://instagram.com/kirstyyy369;https://twitter.com/cs_kirsty
moxxyjade;https://www.reddit.com/user/moxxyjade;32634;;https://instagram.com/corrupted.gfx;https://twitter.com/corrupted_gf
